group,roi,episode_id,segment_rows,tr_rows,warning_count,failed_batches,zero_filled_segments,mean_score_value,std_score_value,nonzero_value_rate,all_zero_segment_rate,all_zero_tr_rate,provider,model
round3_tail10_reference,DLPFC,s02e15b,281,466,0,0,0,1.8072360616844603,1.6845455719963567,0.7200474495848161,0.0035587188612099642,0.008583690987124463,aihubmix,gemini-3.5-flash
round3_tail10_reference,DLPFC,s02e16a,282,478,0,0,0,2.3738179669030735,2.0802544818316666,0.7715721040189125,0.0035460992907801418,0.006276150627615063,aihubmix,gemini-3.5-flash
round3_tail10_reference,DLPFC,s02e16b,291,478,0,0,0,2.3155784650630014,2.0343719202305697,0.768327605956472,0.0,0.0,aihubmix,gemini-3.5-flash
round3_tail10_reference,DLPFC,s02e17a,264,489,0,0,0,1.5265151515151516,1.770244797679074,0.5814393939393939,0.007575757575757576,0.0081799591002045,aihubmix,gemini-3.5-flash
round3_tail10_reference,DLPFC,s02e17b,282,489,0,0,0,1.4793144208037825,1.5962567035998039,0.6306146572104019,0.0035460992907801418,0.00408997955010225,aihubmix,gemini-3.5-flash
round3_tail10_reference,DLPFC,s02e18a,271,460,0,0,0,2.091020910209102,1.673821464056338,0.8259532595325954,0.0,0.0,aihubmix,gemini-3.5-flash
round3_tail10_reference,DLPFC,s02e18b,269,460,0,0,0,2.180297397769517,1.7829103119483372,0.8004956629491945,0.0037174721189591076,0.006521739130434782,aihubmix,gemini-3.5-flash
round3_tail10_reference,DLPFC,s02e19a,271,478,0,0,0,1.818880688806888,1.5941468050952345,0.7515375153751538,0.0036900369003690036,0.0041841004184100415,aihubmix,gemini-3.5-flash
round3_tail10_reference,DLPFC,s02e19b,265,478,0,0,0,2.5245283018867926,1.8327117407466733,0.8880503144654088,0.007547169811320755,0.012552301255230125,aihubmix,gemini-3.5-flash
round3_tail10_reference,DLPFC,s02e20a,263,449,0,0,0,1.428231939163498,1.7584662610708885,0.5307351077313055,0.011406844106463879,0.015590200445434299,aihubmix,gemini-3.5-flash
round3_tail10_reference,VMPFC,s02e15b,281,466,0,0,0,1.4720386375190646,1.9605880503912168,0.5261820030503305,0.0,0.0,aihubmix,gemini-3.5-flash
round3_tail10_reference,VMPFC,s02e16a,282,478,0,0,0,1.3143363728470112,1.688427486217578,0.5035460992907801,0.010638297872340425,0.014644351464435146,aihubmix,gemini-3.5-flash
round3_tail10_reference,VMPFC,s02e16b,291,478,0,0,0,1.6079528718703977,1.6917515046247042,0.6600392734413353,0.0,0.0,aihubmix,gemini-3.5-flash
round3_tail10_reference,VMPFC,s02e17a,264,489,0,0,0,1.1989989177489178,1.6273406632288037,0.4751082251082251,0.0,0.0,aihubmix,gemini-3.5-flash
round3_tail10_reference,VMPFC,s02e17b,282,489,0,0,0,1.338145896656535,1.6583563251319813,0.5483789260385005,0.0035460992907801418,0.00408997955010225,aihubmix,gemini-3.5-flash
round3_tail10_reference,VMPFC,s02e18a,271,460,0,0,0,1.3476541908276225,1.5846309926251547,0.5830258302583026,0.0,0.0,aihubmix,gemini-3.5-flash
round3_tail10_reference,VMPFC,s02e18b,269,460,0,0,0,1.3921933085501859,1.7231153537639006,0.5377057886351566,0.007434944237918215,0.013043478260869565,aihubmix,gemini-3.5-flash
round3_tail10_reference,VMPFC,s02e19a,271,478,0,0,0,1.2807063784923562,1.7375240737709174,0.4673168160253031,0.0036900369003690036,0.0041841004184100415,aihubmix,gemini-3.5-flash
round3_tail10_reference,VMPFC,s02e19b,265,478,0,0,0,1.6242587601078167,1.8835517799376473,0.5932614555256065,0.01509433962264151,0.016736401673640166,aihubmix,gemini-3.5-flash
round3_tail10_reference,VMPFC,s02e20a,263,449,0,0,0,1.0540467137425313,1.5861332756270499,0.41662140141227594,0.0076045627376425855,0.0066815144766146995,aihubmix,gemini-3.5-flash
round3_tail10_reference,OFC,s02e15b,281,466,0,0,0,0.6932087781731909,1.2331154404627978,0.3223606168446026,0.02491103202846975,0.017167381974248927,aihubmix,gemini-3.5-flash
round3_tail10_reference,OFC,s02e16a,282,478,0,0,0,0.6869089834515366,1.2915128103250537,0.3046690307328605,0.03546099290780142,0.010460251046025104,aihubmix,gemini-3.5-flash
round3_tail10_reference,OFC,s02e16b,291,478,0,0,0,0.736397479954181,1.2952689354746227,0.32646048109965636,0.054982817869415807,0.02092050209205021,aihubmix,gemini-3.5-flash
round3_tail10_reference,OFC,s02e17a,264,489,0,0,0,0.693655303030303,1.2264115851269075,0.31660353535353536,0.06818181818181818,0.03680981595092025,aihubmix,gemini-3.5-flash
round3_tail10_reference,OFC,s02e17b,282,489,0,0,0,0.5050236406619385,1.1190794561729533,0.20242316784869976,0.06382978723404255,0.012269938650306749,aihubmix,gemini-3.5-flash
round3_tail10_reference,OFC,s02e18a,271,460,0,0,0,0.647140221402214,1.237277618526743,0.2742927429274293,0.06642066420664207,0.02608695652173913,aihubmix,gemini-3.5-flash
round3_tail10_reference,OFC,s02e18b,269,460,0,0,0,0.6175650557620818,1.2515955196869066,0.24721189591078066,0.11895910780669144,0.04782608695652174,aihubmix,gemini-3.5-flash
round3_tail10_reference,OFC,s02e19a,271,478,0,0,0,0.7493849938499385,1.3109376157336936,0.3354858548585486,0.0036900369003690036,0.0,aihubmix,gemini-3.5-flash
round3_tail10_reference,OFC,s02e19b,265,478,0,0,0,0.8757861635220126,1.4454913132440117,0.34685534591194966,0.007547169811320755,0.012552301255230125,aihubmix,gemini-3.5-flash
round3_tail10_reference,OFC,s02e20a,263,449,0,0,0,0.3870405576679341,1.129170197751734,0.14258555133079848,0.18250950570342206,0.062360801781737196,aihubmix,gemini-3.5-flash
round3_tail10_reference,ACC,s02e15b,281,466,0,0,0,0.6497627520759194,1.1938913580359398,0.316429418742586,0.19572953736654805,0.18454935622317598,aihubmix,gemini-3.5-flash
round3_tail10_reference,ACC,s02e16a,282,478,0,0,0,1.3030437352245863,1.6302292338997069,0.5549645390070922,0.0035460992907801418,0.006276150627615063,aihubmix,gemini-3.5-flash
round3_tail10_reference,ACC,s02e16b,291,478,0,0,0,1.0489690721649485,1.5053005134948223,0.48081328751431845,0.006872852233676976,0.0020920502092050207,aihubmix,gemini-3.5-flash
round3_tail10_reference,ACC,s02e17a,264,489,0,0,0,0.6480429292929293,1.1175493834366792,0.34595959595959597,0.125,0.05930470347648262,aihubmix,gemini-3.5-flash
round3_tail10_reference,ACC,s02e17b,282,489,0,0,0,0.7944739952718676,1.2266503168852851,0.4160756501182033,0.02127659574468085,0.006134969325153374,aihubmix,gemini-3.5-flash
round3_tail10_reference,ACC,s02e18a,271,460,0,0,0,1.1014760147601477,1.4757691216268274,0.5279827798277983,0.11070110701107011,0.05,aihubmix,gemini-3.5-flash
round3_tail10_reference,ACC,s02e18b,269,460,0,0,0,1.123915737298637,1.3050081904105364,0.5935563816604709,0.01486988847583643,0.013043478260869565,aihubmix,gemini-3.5-flash
round3_tail10_reference,ACC,s02e19a,271,478,0,0,0,1.2035670356703567,1.3530111539730896,0.5996309963099631,0.13284132841328414,0.1192468619246862,aihubmix,gemini-3.5-flash
round3_tail10_reference,ACC,s02e19b,265,478,0,0,0,1.360062893081761,1.6831319999862737,0.5591194968553459,0.04150943396226415,0.02301255230125523,aihubmix,gemini-3.5-flash
round3_tail10_reference,ACC,s02e20a,263,449,0,0,0,0.7533269961977186,1.3834888974335509,0.33935361216730037,0.24714828897338403,0.1870824053452116,aihubmix,gemini-3.5-flash
round3_tail10_reference,PCC,s02e15b,281,466,0,0,0,2.775355871886121,2.082882423774184,0.7995255041518387,0.0,0.0,aihubmix,gemini-3.5-flash
round3_tail10_reference,PCC,s02e16a,282,478,0,0,0,2.90410756501182,2.0826334217805202,0.8250591016548463,0.0,0.0,aihubmix,gemini-3.5-flash
round3_tail10_reference,PCC,s02e16b,291,478,0,0,0,3.0127434135166093,2.098735704490201,0.8359106529209622,0.0,0.0,aihubmix,gemini-3.5-flash
round3_tail10_reference,PCC,s02e17a,264,489,0,0,0,2.586174242424242,1.9669358469978715,0.7967171717171717,0.0,0.0,aihubmix,gemini-3.5-flash
round3_tail10_reference,PCC,s02e17b,282,489,0,0,0,3.0434397163120566,2.184502039655604,0.8489952718676123,0.0,0.0,aihubmix,gemini-3.5-flash
round3_tail10_reference,PCC,s02e18a,271,460,0,0,0,2.497078720787208,1.8040308025320588,0.8173431734317343,0.0,0.0,aihubmix,gemini-3.5-flash
round3_tail10_reference,PCC,s02e18b,269,460,0,0,0,2.899008674101611,2.0216514550912863,0.8426270136307311,0.0,0.0,aihubmix,gemini-3.5-flash
round3_tail10_reference,PCC,s02e19a,271,478,0,0,0,2.7095633456334562,1.9819629916090442,0.8010455104551045,0.0,0.0,aihubmix,gemini-3.5-flash
round3_tail10_reference,PCC,s02e19b,265,478,0,0,0,2.9330188679245284,2.1184078674149984,0.8047169811320755,0.0,0.0,aihubmix,gemini-3.5-flash
round3_tail10_reference,PCC,s02e20a,263,449,0,0,0,2.399873257287706,1.9222333293670257,0.8010139416983524,0.0,0.0,aihubmix,gemini-3.5-flash
round3_tail10_reference,Precuneus,s02e15b,281,466,0,0,0,3.4077698695136416,1.963057117650575,0.9187425860023725,0.0,0.0,aihubmix,gemini-3.5-flash
round3_tail10_reference,Precuneus,s02e16a,282,478,0,0,0,3.233156028368794,1.8214508458075318,0.943853427895981,0.0,0.0,aihubmix,gemini-3.5-flash
round3_tail10_reference,Precuneus,s02e16b,291,478,0,0,0,3.358820160366552,2.0592176988438085,0.9223940435280642,0.0,0.0,aihubmix,gemini-3.5-flash
round3_tail10_reference,Precuneus,s02e17a,264,489,0,0,0,3.0555555555555554,1.904790463951362,0.8794191919191919,0.0,0.0,aihubmix,gemini-3.5-flash
round3_tail10_reference,Precuneus,s02e17b,282,489,0,0,0,3.7189716312056738,2.0694032171904397,0.9465130023640662,0.0,0.0,aihubmix,gemini-3.5-flash
round3_tail10_reference,Precuneus,s02e18a,271,460,0,0,0,3.2518450184501844,1.9000824519147057,0.9126691266912669,0.0,0.0,aihubmix,gemini-3.5-flash
round3_tail10_reference,Precuneus,s02e18b,269,460,0,0,0,3.5693928128872368,1.9592705324125272,0.9479553903345725,0.0,0.0,aihubmix,gemini-3.5-flash
round3_tail10_reference,Precuneus,s02e19a,271,478,0,0,0,3.0052275522755227,1.7423979259847058,0.9148216482164822,0.0,0.0,aihubmix,gemini-3.5-flash
round3_tail10_reference,Precuneus,s02e19b,265,478,0,0,0,3.233647798742138,1.872458418775254,0.9522012578616352,0.0037735849056603774,0.006276150627615063,aihubmix,gemini-3.5-flash
round3_tail10_reference,Precuneus,s02e20a,263,449,0,0,0,2.982889733840304,1.860560244954119,0.9046261089987325,0.0,0.0,aihubmix,gemini-3.5-flash
round3_tail10_reference,IPL,s02e15b,281,466,0,0,0,1.5610913404507711,1.4488526961675283,0.6801897983392645,0.0,0.0,aihubmix,gemini-3.5-flash
round3_tail10_reference,IPL,s02e16a,282,478,0,0,0,1.5434988179669031,1.6019710242473657,0.6222222222222222,0.0,0.0,aihubmix,gemini-3.5-flash
round3_tail10_reference,IPL,s02e16b,291,478,0,0,0,1.6666666666666667,1.4907119849998598,0.6843069873997709,0.0,0.0,aihubmix,gemini-3.5-flash
round3_tail10_reference,IPL,s02e17a,264,489,0,0,0,1.8005050505050506,1.496494134441875,0.7621212121212121,0.0,0.0,aihubmix,gemini-3.5-flash
round3_tail10_reference,IPL,s02e17b,282,489,0,0,0,1.5654846335697399,1.4478614503172258,0.7023640661938534,0.0,0.0,aihubmix,gemini-3.5-flash
round3_tail10_reference,IPL,s02e18a,271,460,0,0,0,1.546371463714637,1.4625719127694503,0.6728167281672817,0.0,0.0,aihubmix,gemini-3.5-flash
round3_tail10_reference,IPL,s02e18b,269,460,0,0,0,1.823543990086741,1.5516201167175767,0.7372986369268897,0.0,0.0,aihubmix,gemini-3.5-flash
round3_tail10_reference,IPL,s02e19a,271,478,0,0,0,1.6287822878228781,1.5031604648558692,0.6784747847478475,0.0,0.0,aihubmix,gemini-3.5-flash
round3_tail10_reference,IPL,s02e19b,265,478,0,0,0,1.850817610062893,1.6012993814000789,0.7386163522012579,0.0,0.0,aihubmix,gemini-3.5-flash
round3_tail10_reference,IPL,s02e20a,263,449,0,0,0,1.6068441064638783,1.4645117718257998,0.6861850443599493,0.0,0.0,aihubmix,gemini-3.5-flash
round3_tail10_reference,SMG,s02e15b,281,466,0,0,0,0.6348754448398577,1.1810156384327293,0.301067615658363,0.0035587188612099642,0.002145922746781116,aihubmix,gemini-3.5-flash
round3_tail10_reference,SMG,s02e16a,282,478,0,0,0,1.1073286052009457,1.6394423901581487,0.46761229314420805,0.0035460992907801418,0.006276150627615063,aihubmix,gemini-3.5-flash
round3_tail10_reference,SMG,s02e16b,291,478,0,0,0,0.961512027491409,1.470405576408662,0.4242840778923253,0.0,0.0,aihubmix,gemini-3.5-flash
round3_tail10_reference,SMG,s02e17a,264,489,0,0,0,0.8398989898989899,1.323877069386529,0.3782828282828283,0.015151515151515152,0.012269938650306749,aihubmix,gemini-3.5-flash
round3_tail10_reference,SMG,s02e17b,282,489,0,0,0,0.9288416075650118,1.4621773106960048,0.40354609929078017,0.010638297872340425,0.010224948875255624,aihubmix,gemini-3.5-flash
round3_tail10_reference,SMG,s02e18a,271,460,0,0,0,0.8386223862238622,1.365732103467238,0.38769987699877,0.007380073800738007,0.0,aihubmix,gemini-3.5-flash
round3_tail10_reference,SMG,s02e18b,269,460,0,0,0,0.8089219330855019,1.2831651165513756,0.3722428748451053,0.0,0.0,aihubmix,gemini-3.5-flash
round3_tail10_reference,SMG,s02e19a,271,478,0,0,0,0.7995079950799509,1.2912420497311452,0.35670356703567035,0.01107011070110701,0.008368200836820083,aihubmix,gemini-3.5-flash
round3_tail10_reference,SMG,s02e19b,265,478,0,0,0,1.0025157232704403,1.59049652804639,0.4181132075471698,0.0037735849056603774,0.0,aihubmix,gemini-3.5-flash
round3_tail10_reference,SMG,s02e20a,263,449,0,0,0,0.8968314321926489,1.3746768619400933,0.40430925221799746,0.0,0.0,aihubmix,gemini-3.5-flash
round3_tail10_reference,AG,s02e15b,281,466,0,0,0,2.1123962040332147,1.9547370632791916,0.7230130486358244,0.0,0.0,aihubmix,gemini-3.5-flash
round3_tail10_reference,AG,s02e16a,282,478,0,0,0,2.1586879432624113,1.9427218067597418,0.7703900709219859,0.0,0.0,aihubmix,gemini-3.5-flash
round3_tail10_reference,AG,s02e16b,291,478,0,0,0,2.2153493699885454,2.0015785060722435,0.7643184421534936,0.0,0.0,aihubmix,gemini-3.5-flash
round3_tail10_reference,AG,s02e17a,264,489,0,0,0,1.976010101010101,1.6322368737469393,0.80239898989899,0.0,0.0,aihubmix,gemini-3.5-flash
round3_tail10_reference,AG,s02e17b,282,489,0,0,0,2.3637706855791962,1.9208017594097366,0.8410165484633569,0.0,0.0,aihubmix,gemini-3.5-flash
round3_tail10_reference,AG,s02e18a,271,460,0,0,0,1.9929274292742927,1.8927937832544257,0.7432349323493235,0.0,0.0,aihubmix,gemini-3.5-flash
round3_tail10_reference,AG,s02e18b,269,460,0,0,0,2.0216852540272616,1.8349223173879137,0.7589838909541512,0.0,0.0,aihubmix,gemini-3.5-flash
round3_tail10_reference,AG,s02e19a,271,478,0,0,0,2.0264452644526445,1.7918880443848009,0.7509225092250923,0.0,0.0,aihubmix,gemini-3.5-flash
round3_tail10_reference,AG,s02e19b,265,478,0,0,0,2.222955974842767,2.0000726570007177,0.7547169811320755,0.0,0.0,aihubmix,gemini-3.5-flash
round3_tail10_reference,AG,s02e20a,263,449,0,0,0,1.7598225602027884,1.7069849698067927,0.7094423320659062,0.0,0.0,aihubmix,gemini-3.5-flash
round3_tail10_reference,TPJ,s02e15b,281,466,0,0,0,1.3238434163701067,1.7294431482423254,0.47995255041518387,0.0,0.0,aihubmix,gemini-3.5-flash
round3_tail10_reference,TPJ,s02e16a,282,478,0,0,0,1.7174940898345155,2.016680173294682,0.5742316784869976,0.0,0.0,aihubmix,gemini-3.5-flash
round3_tail10_reference,TPJ,s02e16b,291,478,0,0,0,2.029324169530355,2.05871691857169,0.6739977090492555,0.0,0.0,aihubmix,gemini-3.5-flash
round3_tail10_reference,TPJ,s02e17a,264,489,0,0,0,1.4207070707070708,1.7868135130320806,0.5174242424242425,0.003787878787878788,0.006134969325153374,aihubmix,gemini-3.5-flash
round3_tail10_reference,TPJ,s02e17b,282,489,0,0,0,1.548936170212766,1.8432273456997144,0.6035460992907802,0.0,0.0,aihubmix,gemini-3.5-flash
round3_tail10_reference,TPJ,s02e18a,271,460,0,0,0,1.6792127921279212,1.8680780212466763,0.5948339483394834,0.0,0.0,aihubmix,gemini-3.5-flash
round3_tail10_reference,TPJ,s02e18b,269,460,0,0,0,1.6312267657992565,1.8043912721678226,0.5898389095415117,0.0,0.0,aihubmix,gemini-3.5-flash
round3_tail10_reference,TPJ,s02e19a,271,478,0,0,0,1.4605166051660516,1.681087397391982,0.5680196801968019,0.0036900369003690036,0.0041841004184100415,aihubmix,gemini-3.5-flash
round3_tail10_reference,TPJ,s02e19b,265,478,0,0,0,1.7642767295597483,1.9615247115091368,0.6150943396226415,0.0,0.0,aihubmix,gemini-3.5-flash
round3_tail10_reference,TPJ,s02e20a,263,449,0,0,0,1.31787072243346,1.7128005450104802,0.5196451204055766,0.0,0.0,aihubmix,gemini-3.5-flash
round3_tail10_reference,pSTS,s02e15b,281,466,0,0,0,1.8166073546856465,1.9987681547539136,0.5461447212336892,0.017793594306049824,0.023605150214592276,aihubmix,gemini-3.5-flash
round3_tail10_reference,pSTS,s02e16a,282,478,0,0,0,1.9768321513002365,1.9355898759924086,0.607565011820331,0.014184397163120567,0.01882845188284519,aihubmix,gemini-3.5-flash
round3_tail10_reference,pSTS,s02e16b,291,478,0,0,0,1.9599083619702176,1.9212433905454895,0.6016036655211913,0.003436426116838488,0.0020920502092050207,aihubmix,gemini-3.5-flash
round3_tail10_reference,pSTS,s02e17a,264,489,0,0,0,1.7926767676767676,1.8799035292693211,0.568939393939394,0.011363636363636364,0.014314928425357873,aihubmix,gemini-3.5-flash
round3_tail10_reference,pSTS,s02e17b,282,489,0,0,0,1.920567375886525,1.9250317389111016,0.5919621749408983,0.0070921985815602835,0.0081799591002045,aihubmix,gemini-3.5-flash
round3_tail10_reference,pSTS,s02e18a,271,460,0,0,0,1.9599015990159903,1.910317938842542,0.5995079950799508,0.01107011070110701,0.006521739130434782,aihubmix,gemini-3.5-flash
round3_tail10_reference,pSTS,s02e18b,269,460,0,0,0,1.9417596034696407,1.9305997107957802,0.5853779429987609,0.011152416356877323,0.017391304347826087,aihubmix,gemini-3.5-flash
round3_tail10_reference,pSTS,s02e19a,271,478,0,0,0,1.8902829028290282,1.946837481848086,0.5869618696186962,0.02214022140221402,0.027196652719665274,aihubmix,gemini-3.5-flash
round3_tail10_reference,pSTS,s02e19b,265,478,0,0,0,2.1695597484276727,2.0876225067542395,0.6171069182389937,0.018867924528301886,0.016736401673640166,aihubmix,gemini-3.5-flash
round3_tail10_reference,pSTS,s02e20a,263,449,0,0,0,1.8111533586818758,1.8413851933313747,0.5868187579214195,0.011406844106463879,0.008908685968819599,aihubmix,gemini-3.5-flash
round3_tail10_reference,FFA,s02e15b,281,466,0,0,0,2.6047449584816134,2.17204852718982,0.7105575326215896,0.0071174377224199285,0.01072961373390558,aihubmix,gemini-3.5-flash
round3_tail10_reference,FFA,s02e16a,282,478,0,0,0,2.525531914893617,1.9186001689563934,0.7687943262411348,0.0070921985815602835,0.010460251046025104,aihubmix,gemini-3.5-flash
round3_tail10_reference,FFA,s02e16b,291,478,0,0,0,2.718900343642612,2.04368615161148,0.7578465063001145,0.0,0.0,aihubmix,gemini-3.5-flash
round3_tail10_reference,FFA,s02e17a,264,489,0,0,0,2.5255050505050507,1.8991906828895546,0.7563131313131313,0.007575757575757576,0.010224948875255624,aihubmix,gemini-3.5-flash
round3_tail10_reference,FFA,s02e17b,282,489,0,0,0,2.4796690307328606,1.9592631133150373,0.7148936170212766,0.0035460992907801418,0.00408997955010225,aihubmix,gemini-3.5-flash
round3_tail10_reference,FFA,s02e18a,271,460,0,0,0,2.506519065190652,1.9708875782734245,0.7291512915129151,0.0,0.0,aihubmix,gemini-3.5-flash
round3_tail10_reference,FFA,s02e18b,269,460,0,0,0,2.542007434944238,2.063768388238294,0.7174721189591078,0.0037174721189591076,0.006521739130434782,aihubmix,gemini-3.5-flash
round3_tail10_reference,FFA,s02e19a,271,478,0,0,0,2.603690036900369,1.9816218741264333,0.7714637146371464,0.007380073800738007,0.008368200836820083,aihubmix,gemini-3.5-flash
round3_tail10_reference,FFA,s02e19b,265,478,0,0,0,2.611069182389937,2.0417474915163156,0.7519496855345912,0.0037735849056603774,0.006276150627615063,aihubmix,gemini-3.5-flash
round3_tail10_reference,FFA,s02e20a,263,449,0,0,0,2.476552598225602,2.000638751949295,0.7239543726235741,0.0038022813688212928,0.0022271714922048997,aihubmix,gemini-3.5-flash
round3_tail10_reference,Insula,s02e15b,281,466,0,0,0,0.2891459074733096,0.9433985439025557,0.10290628706998814,0.29537366548042704,0.2575107296137339,aihubmix,gemini-3.5-flash
round3_tail10_reference,Insula,s02e16a,282,478,0,0,0,0.5067966903073287,1.2806921882809303,0.1743498817966903,0.1453900709219858,0.10251046025104603,aihubmix,gemini-3.5-flash
round3_tail10_reference,Insula,s02e16b,291,478,0,0,0,0.44673539518900346,1.0856890569498379,0.19072164948453607,0.15807560137457044,0.1192468619246862,aihubmix,gemini-3.5-flash
round3_tail10_reference,Insula,s02e17a,264,489,0,0,0,0.3278093434343434,1.0054020749615264,0.1259469696969697,0.3446969696969697,0.23517382413087934,aihubmix,gemini-3.5-flash
round3_tail10_reference,Insula,s02e17b,282,489,0,0,0,0.49281914893617024,1.17298384761803,0.191193853427896,0.1879432624113475,0.1492842535787321,aihubmix,gemini-3.5-flash
round3_tail10_reference,Insula,s02e18a,271,460,0,0,0,0.35301353013530135,1.0878169777976023,0.12269372693726938,0.22509225092250923,0.1565217391304348,aihubmix,gemini-3.5-flash
round3_tail10_reference,Insula,s02e18b,269,460,0,0,0,0.47242874845105326,1.1482498614428995,0.1855638166047088,0.04460966542750929,0.041304347826086954,aihubmix,gemini-3.5-flash
round3_tail10_reference,Insula,s02e19a,271,478,0,0,0,0.5328413284132841,1.1737352914856587,0.21832718327183273,0.14022140221402213,0.10669456066945607,aihubmix,gemini-3.5-flash
round3_tail10_reference,Insula,s02e19b,265,478,0,0,0,0.5559748427672956,1.1579689003638574,0.2537735849056604,0.07924528301886792,0.07531380753138076,aihubmix,gemini-3.5-flash
round3_tail10_reference,Insula,s02e20a,263,449,0,0,0,0.26996197718631176,0.9209043186348123,0.10171102661596958,0.33460076045627374,0.24053452115812918,aihubmix,gemini-3.5-flash
round3_tail10_reference,Temporal_Pole,s02e15b,281,466,0,0,0,2.3,1.7489125582537157,0.8279952550415184,0.0,0.0,aihubmix,gemini-3.5-flash
round3_tail10_reference,Temporal_Pole,s02e16a,282,478,0,0,0,2.4843971631205672,1.5889668508613262,0.9245862884160756,0.0,0.0,aihubmix,gemini-3.5-flash
round3_tail10_reference,Temporal_Pole,s02e16b,291,478,0,0,0,2.579839633447881,1.8526119073373444,0.8687285223367698,0.0,0.0,aihubmix,gemini-3.5-flash
round3_tail10_reference,Temporal_Pole,s02e17a,264,489,0,0,0,2.2531565656565657,1.6334539645411112,0.8603535353535353,0.0,0.0,aihubmix,gemini-3.5-flash
round3_tail10_reference,Temporal_Pole,s02e17b,282,489,0,0,0,2.421276595744681,1.7011527941170206,0.8293144208037825,0.0,0.0,aihubmix,gemini-3.5-flash
round3_tail10_reference,Temporal_Pole,s02e18a,271,460,0,0,0,2.249569495694957,1.5340386965181552,0.8723247232472324,0.0,0.0,aihubmix,gemini-3.5-flash
round3_tail10_reference,Temporal_Pole,s02e18b,269,460,0,0,0,2.436183395291202,1.666851332343615,0.8654275092936803,0.0,0.0,aihubmix,gemini-3.5-flash
round3_tail10_reference,Temporal_Pole,s02e19a,271,478,0,0,0,2.156211562115621,1.5810848143517857,0.7884378843788438,0.0,0.0,aihubmix,gemini-3.5-flash
round3_tail10_reference,Temporal_Pole,s02e19b,265,478,0,0,0,2.614213836477987,1.7801948107824754,0.859622641509434,0.007547169811320755,0.012552301255230125,aihubmix,gemini-3.5-flash
round3_tail10_reference,Temporal_Pole,s02e20a,263,449,0,0,0,1.950570342205323,1.5636768291563852,0.75893536121673,0.0,0.0,aihubmix,gemini-3.5-flash
round4_add10,DLPFC,s02e20b,249,449,0,0,0,1.5087014725568944,1.545470317166529,0.6991298527443106,0.0,0.0,aihubmix,gemini-3.5-flash
round4_add10,DLPFC,s02e21a,254,470,0,0,0,1.9514435695538057,1.8064856225717345,0.7244094488188977,0.0,0.0,aihubmix,gemini-3.5-flash
round4_add10,DLPFC,s02e21b,278,470,0,0,0,2.113609112709832,1.8407802330511316,0.7281175059952039,0.0,0.0,aihubmix,gemini-3.5-flash
round4_add10,DLPFC,s02e22a,235,453,0,0,0,2.8882978723404253,2.0192174094765183,0.8730496453900709,0.00425531914893617,0.004415011037527594,aihubmix,gemini-3.5-flash
round4_add10,DLPFC,s02e22b,245,453,0,0,0,2.445578231292517,2.1187768032143093,0.7666666666666667,0.004081632653061225,0.008830022075055188,aihubmix,gemini-3.5-flash
round4_add10,DLPFC,s02e23a,249,456,0,0,0,1.998326639892905,1.5348464283550842,0.8253012048192772,0.0,0.0,aihubmix,gemini-3.5-flash
round4_add10,DLPFC,s02e23b,254,456,0,0,0,1.953740157480315,1.7821362555285347,0.7417979002624672,0.003937007874015748,0.008771929824561403,aihubmix,gemini-3.5-flash
round4_add10,DLPFC,s02e24b,252,468,0,0,0,2.392857142857143,1.9458004665901159,0.7847222222222222,0.011904761904761904,0.01282051282051282,aihubmix,gemini-3.5-flash
round4_add10,DLPFC,s02e01b,266,477,0,0,0,2.1964285714285716,1.7596706734452252,0.8070175438596491,0.011278195488721804,0.012578616352201259,aihubmix,gemini-3.5-flash
round4_add10,DLPFC,s02e02b,245,450,0,0,0,2.321768707482993,1.730440430225263,0.8537414965986394,0.00816326530612245,0.008888888888888889,aihubmix,gemini-3.5-flash
round4_add10,VMPFC,s02e20b,249,449,0,0,0,1.1335341365461848,1.4843407003827978,0.5126219162363741,0.004016064257028112,0.011135857461024499,aihubmix,gemini-3.5-flash
round4_add10,VMPFC,s02e21a,254,470,0,0,0,1.4256186726659168,1.694800835006136,0.5452755905511811,0.0,0.0,aihubmix,gemini-3.5-flash
round4_add10,VMPFC,s02e21b,278,470,0,0,0,1.327081192189106,1.7380206372315525,0.4779033915724563,0.0,0.0,aihubmix,gemini-3.5-flash
round4_add10,VMPFC,s02e22a,235,453,0,0,0,1.7408814589665653,1.8868325884802453,0.6127659574468085,0.0,0.0,aihubmix,gemini-3.5-flash
round4_add10,VMPFC,s02e22b,245,453,0,0,0,1.7253644314868806,1.902184818290045,0.5903790087463557,0.0,0.0,aihubmix,gemini-3.5-flash
round4_add10,VMPFC,s02e23a,249,456,0,0,0,1.3207114170969592,1.6597341162624466,0.5349971313826736,0.004016064257028112,0.0043859649122807015,aihubmix,gemini-3.5-flash
round4_add10,VMPFC,s02e23b,254,456,0,0,0,1.4465691788526434,1.849653248139403,0.4904386951631046,0.003937007874015748,0.008771929824561403,aihubmix,gemini-3.5-flash
round4_add10,VMPFC,s02e24b,252,468,0,0,0,2.120890022675737,2.274756123414456,0.6893424036281179,0.007936507936507936,0.008547008547008548,aihubmix,gemini-3.5-flash
round4_add10,VMPFC,s02e01b,266,477,0,0,0,1.309747583243824,1.6635228625942773,0.5118152524167562,0.018796992481203006,0.018867924528301886,aihubmix,gemini-3.5-flash
round4_add10,VMPFC,s02e02b,245,450,0,0,0,1.446064139941691,1.7467605891056828,0.5583090379008746,0.0,0.0,aihubmix,gemini-3.5-flash
round4_add10,OFC,s02e20b,249,449,0,0,0,0.39357429718875503,0.9462029781210948,0.20180722891566266,0.060240963855421686,0.035634743875278395,aihubmix,gemini-3.5-flash
round4_add10,OFC,s02e21a,254,470,0,0,0,0.699475065616798,1.3028485800762202,0.27165354330708663,0.011811023622047244,0.00851063829787234,aihubmix,gemini-3.5-flash
round4_add10,OFC,s02e21b,278,470,0,0,0,0.8113009592326139,1.3096057164067065,0.37559952038369304,0.039568345323741004,0.006382978723404255,aihubmix,gemini-3.5-flash
round4_add10,OFC,s02e22a,235,453,0,0,0,0.7375886524822695,1.3371155048635144,0.31134751773049646,0.01276595744680851,0.002207505518763797,aihubmix,gemini-3.5-flash
round4_add10,OFC,s02e22b,245,453,0,0,0,0.5996598639455782,1.4034456698615172,0.19829931972789117,0.08163265306122448,0.03090507726269316,aihubmix,gemini-3.5-flash
round4_add10,OFC,s02e23a,249,456,0,0,0,0.7081659973226239,1.2331217594583708,0.3179384203480589,0.04417670682730924,0.010964912280701754,aihubmix,gemini-3.5-flash
round4_add10,OFC,s02e23b,254,456,0,0,0,0.7057086614173228,1.2070740568162712,0.3215223097112861,0.003937007874015748,0.0,aihubmix,gemini-3.5-flash
round4_add10,OFC,s02e24b,252,468,0,0,0,1.2566137566137565,1.7575298815890672,0.4441137566137566,0.011904761904761904,0.01282051282051282,aihubmix,gemini-3.5-flash
round4_add10,OFC,s02e01b,266,477,0,0,0,0.9160401002506265,1.4295264857040297,0.3950501253132832,0.018796992481203006,0.014675052410901468,aihubmix,gemini-3.5-flash
round4_add10,OFC,s02e02b,245,450,0,0,0,0.9496598639455782,1.4007468440236295,0.41020408163265304,0.004081632653061225,0.0044444444444444444,aihubmix,gemini-3.5-flash
round4_add10,ACC,s02e20b,249,449,0,0,0,0.7175368139223561,1.1183783367297588,0.4213520749665328,0.10040160642570281,0.05790645879732739,aihubmix,gemini-3.5-flash
round4_add10,ACC,s02e21a,254,470,0,0,0,1.3211942257217848,1.5406298407172276,0.5921916010498688,0.10236220472440945,0.07021276595744681,aihubmix,gemini-3.5-flash
round4_add10,ACC,s02e21b,278,470,0,0,0,1.1533273381294964,1.4352870377939533,0.5353717026378897,0.1079136690647482,0.06808510638297872,aihubmix,gemini-3.5-flash
round4_add10,ACC,s02e22a,235,453,0,0,0,1.7232269503546098,1.693723146629846,0.7106382978723405,0.00851063829787234,0.008830022075055188,aihubmix,gemini-3.5-flash
round4_add10,ACC,s02e22b,245,453,0,0,0,1.3782312925170068,1.6550691872338699,0.6023809523809524,0.012244897959183673,0.0,aihubmix,gemini-3.5-flash
round4_add10,ACC,s02e23a,249,456,0,0,0,0.8947456492637216,1.1779641620891865,0.5157295850066934,0.040160642570281124,0.010964912280701754,aihubmix,gemini-3.5-flash
round4_add10,ACC,s02e23b,254,456,0,0,0,1.0780839895013123,1.3215625458144498,0.5610236220472441,0.05905511811023622,0.03728070175438596,aihubmix,gemini-3.5-flash
round4_add10,ACC,s02e24b,252,468,0,0,0,1.85135582010582,1.962060320539198,0.7159391534391535,0.007936507936507936,0.008547008547008548,aihubmix,gemini-3.5-flash
round4_add10,ACC,s02e01b,266,477,0,0,0,1.4984335839598997,1.737828435621328,0.6080827067669173,0.0037593984962406013,0.0041928721174004195,aihubmix,gemini-3.5-flash
round4_add10,ACC,s02e02b,245,450,0,0,0,1.1411564625850341,1.3378859438116206,0.5806122448979592,0.0326530612244898,0.011111111111111112,aihubmix,gemini-3.5-flash
round4_add10,PCC,s02e20b,249,449,0,0,0,2.55739625167336,1.9382974062182725,0.8045515394912985,0.0,0.0,aihubmix,gemini-3.5-flash
round4_add10,PCC,s02e21a,254,470,0,0,0,2.6366469816272966,1.9558644345663763,0.8093832020997376,0.0,0.0,aihubmix,gemini-3.5-flash
round4_add10,PCC,s02e21b,278,470,0,0,0,2.4391486810551557,1.7548875890825617,0.8261390887290168,0.0,0.0,aihubmix,gemini-3.5-flash
round4_add10,PCC,s02e22a,235,453,0,0,0,2.933333333333333,1.9632678889500805,0.8656028368794326,0.0,0.0,aihubmix,gemini-3.5-flash
round4_add10,PCC,s02e22b,245,453,0,0,0,3.426190476190476,2.2351538422248924,0.8530612244897959,0.0,0.0,aihubmix,gemini-3.5-flash
round4_add10,PCC,s02e23a,249,456,0,0,0,2.4374163319946454,1.811183912995708,0.8112449799196787,0.0,0.0,aihubmix,gemini-3.5-flash
round4_add10,PCC,s02e23b,254,456,0,0,0,2.8208661417322833,1.9827167356932192,0.8248031496062992,0.0,0.0,aihubmix,gemini-3.5-flash
round4_add10,PCC,s02e24b,252,468,0,0,0,3.443121693121693,2.580785797852494,0.8528439153439153,0.003968253968253968,0.004273504273504274,aihubmix,gemini-3.5-flash
round4_add10,PCC,s02e01b,266,477,0,0,0,2.760025062656642,1.961141872221611,0.8286340852130326,0.0,0.0,aihubmix,gemini-3.5-flash
round4_add10,PCC,s02e02b,245,450,0,0,0,2.9110544217687075,2.0964815626703,0.8091836734693878,0.0,0.0,aihubmix,gemini-3.5-flash
round4_add10,Precuneus,s02e20b,249,449,0,0,0,3.1890896921017404,1.8288704647115614,0.9126506024096386,0.0,0.0,aihubmix,gemini-3.5-flash
round4_add10,Precuneus,s02e21a,254,470,0,0,0,3.190288713910761,1.7919725258614256,0.9173228346456693,0.0,0.0,aihubmix,gemini-3.5-flash
round4_add10,Precuneus,s02e21b,278,470,0,0,0,3.1948441247002397,1.689592145575003,0.9562350119904077,0.0,0.0,aihubmix,gemini-3.5-flash
round4_add10,Precuneus,s02e22a,235,453,0,0,0,3.2911347517730496,1.8148303916995345,0.9471631205673758,0.0,0.0,aihubmix,gemini-3.5-flash
round4_add10,Precuneus,s02e22b,245,453,0,0,0,3.5285714285714285,1.8889762551490705,0.9551020408163265,0.0,0.0,aihubmix,gemini-3.5-flash
round4_add10,Precuneus,s02e23a,249,456,0,0,0,2.7700803212851404,1.5457162358059668,0.9230254350736279,0.0,0.0,aihubmix,gemini-3.5-flash
round4_add10,Precuneus,s02e23b,254,456,0,0,0,3.0984251968503935,1.7053713622697062,0.8979658792650919,0.0,0.0,aihubmix,gemini-3.5-flash
round4_add10,Precuneus,s02e24b,252,468,0,0,0,4.090608465608466,2.2039806820162515,0.953042328042328,0.0,0.0,aihubmix,gemini-3.5-flash
round4_add10,Precuneus,s02e01b,266,477,0,0,0,3.4661654135338344,1.9236968593631316,0.943295739348371,0.0,0.0,aihubmix,gemini-3.5-flash
round4_add10,Precuneus,s02e02b,245,450,0,0,0,3.647278911564626,1.730992817169584,0.9727891156462585,0.0,0.0,aihubmix,gemini-3.5-flash
round4_add10,IPL,s02e20b,249,449,0,0,0,1.5866131191432395,1.4840274677451215,0.6637215528781794,0.0,0.0,aihubmix,gemini-3.5-flash
round4_add10,IPL,s02e21a,254,470,0,0,0,1.6779527559055119,1.6112993429438074,0.6805774278215223,0.0,0.0,aihubmix,gemini-3.5-flash
round4_add10,IPL,s02e21b,278,470,0,0,0,1.7347721822541966,1.4242384505153667,0.7443645083932854,0.0,0.0,aihubmix,gemini-3.5-flash
round4_add10,IPL,s02e22a,235,453,0,0,0,1.9429787234042553,1.518821745960074,0.7719148936170213,0.0,0.0,aihubmix,gemini-3.5-flash
round4_add10,IPL,s02e22b,245,453,0,0,0,1.9828571428571429,1.6770495633985414,0.7559183673469387,0.0,0.0,aihubmix,gemini-3.5-flash
round4_add10,IPL,s02e23a,249,456,0,0,0,1.4961178045515395,1.4241833384682423,0.6591700133868809,0.0,0.0,aihubmix,gemini-3.5-flash
round4_add10,IPL,s02e23b,254,456,0,0,0,1.5328083989501313,1.4710146970304507,0.7115485564304462,0.0,0.0,aihubmix,gemini-3.5-flash
round4_add10,IPL,s02e24b,252,468,0,0,0,1.8246031746031746,1.6395179237885094,0.7142857142857143,0.007936507936507936,0.008547008547008548,aihubmix,gemini-3.5-flash
round4_add10,IPL,s02e01b,266,477,0,0,0,1.7285714285714286,1.63889464378259,0.6884711779448621,0.0,0.0,aihubmix,gemini-3.5-flash
round4_add10,IPL,s02e02b,245,450,0,0,0,1.8522448979591837,1.6588471514873753,0.7085714285714285,0.0,0.0,aihubmix,gemini-3.5-flash
round4_add10,SMG,s02e20b,249,449,0,0,0,0.7523427041499331,1.236863178547559,0.35448460508701474,0.024096385542168676,0.004454342984409799,aihubmix,gemini-3.5-flash
round4_add10,SMG,s02e21a,254,470,0,0,0,0.7073490813648294,1.1681124404002345,0.34278215223097114,0.01968503937007874,0.00425531914893617,aihubmix,gemini-3.5-flash
round4_add10,SMG,s02e21b,278,470,0,0,0,0.7211031175059952,1.2001841311229682,0.3484412470023981,0.014388489208633094,0.002127659574468085,aihubmix,gemini-3.5-flash
round4_add10,SMG,s02e22a,235,453,0,0,0,1.1469503546099291,1.6879951359810308,0.4357446808510638,0.0,0.0,aihubmix,gemini-3.5-flash
round4_add10,SMG,s02e22b,245,453,0,0,0,1.1765986394557824,1.7023702949777522,0.4620408163265306,0.012244897959183673,0.0,aihubmix,gemini-3.5-flash
round4_add10,SMG,s02e23a,249,456,0,0,0,0.970281124497992,1.3918582538752513,0.44792503346720214,0.004016064257028112,0.0043859649122807015,aihubmix,gemini-3.5-flash
round4_add10,SMG,s02e23b,254,456,0,0,0,0.9614173228346456,1.5164304289314292,0.3984251968503937,0.0,0.0,aihubmix,gemini-3.5-flash
round4_add10,SMG,s02e24b,252,468,0,0,0,0.879100529100529,1.3639102033506285,0.4066137566137566,0.007936507936507936,0.008547008547008548,aihubmix,gemini-3.5-flash
round4_add10,SMG,s02e01b,266,477,0,0,0,0.9674185463659147,1.474066920452332,0.4348370927318296,0.0037593984962406013,0.0041928721174004195,aihubmix,gemini-3.5-flash
round4_add10,SMG,s02e02b,245,450,0,0,0,0.8478911564625851,1.2702746134577598,0.4165986394557823,0.012244897959183673,0.011111111111111112,aihubmix,gemini-3.5-flash
round4_add10,AG,s02e20b,249,449,0,0,0,1.962182061579652,1.7720429082259481,0.7590361445783133,0.0,0.0,aihubmix,gemini-3.5-flash
round4_add10,AG,s02e21a,254,470,0,0,0,1.7470472440944882,1.5896207624372771,0.7211286089238845,0.0,0.0,aihubmix,gemini-3.5-flash
round4_add10,AG,s02e21b,278,470,0,0,0,2.071642685851319,1.681279827375,0.8081534772182254,0.0,0.0,aihubmix,gemini-3.5-flash
round4_add10,AG,s02e22a,235,453,0,0,0,2.6333333333333333,1.9563378244094576,0.9109929078014184,0.0,0.0,aihubmix,gemini-3.5-flash
round4_add10,AG,s02e22b,245,453,0,0,0,2.7768707482993196,2.189929580677884,0.8554421768707483,0.0,0.0,aihubmix,gemini-3.5-flash
round4_add10,AG,s02e23a,249,456,0,0,0,1.9849397590361446,1.7374836673658243,0.7603748326639893,0.0,0.0,aihubmix,gemini-3.5-flash
round4_add10,AG,s02e23b,254,456,0,0,0,2.2644356955380576,1.900309481408233,0.8087270341207349,0.0,0.0,aihubmix,gemini-3.5-flash
round4_add10,AG,s02e24b,252,468,0,0,0,2.1392195767195767,1.9697101616984753,0.7585978835978836,0.003968253968253968,0.004273504273504274,aihubmix,gemini-3.5-flash
round4_add10,AG,s02e01b,266,477,0,0,0,2.174498746867168,1.9508211269994238,0.7719298245614035,0.0,0.0,aihubmix,gemini-3.5-flash
round4_add10,AG,s02e02b,245,450,0,0,0,2.1037414965986394,1.9356447750247858,0.7551020408163265,0.0,0.0,aihubmix,gemini-3.5-flash
round4_add10,TPJ,s02e20b,249,449,0,0,0,1.1994645247657296,1.5985601728591727,0.49772423025435075,0.0,0.0,aihubmix,gemini-3.5-flash
round4_add10,TPJ,s02e21a,254,470,0,0,0,1.326509186351706,1.670480353706782,0.5091863517060368,0.0,0.0,aihubmix,gemini-3.5-flash
round4_add10,TPJ,s02e21b,278,470,0,0,0,1.538369304556355,1.65779612386879,0.6177458033573141,0.0,0.0,aihubmix,gemini-3.5-flash
round4_add10,TPJ,s02e22a,235,453,0,0,0,2.469787234042553,2.1194159733770586,0.788936170212766,0.0,0.0,aihubmix,gemini-3.5-flash
round4_add10,TPJ,s02e22b,245,453,0,0,0,2.283265306122449,2.251899927473279,0.6791836734693878,0.0,0.0,aihubmix,gemini-3.5-flash
round4_add10,TPJ,s02e23a,249,456,0,0,0,1.7991967871485943,1.8215868738692085,0.6524765729585007,0.004016064257028112,0.0043859649122807015,aihubmix,gemini-3.5-flash
round4_add10,TPJ,s02e23b,254,456,0,0,0,1.5750656167979002,1.7425530515386667,0.6007874015748031,0.0,0.0,aihubmix,gemini-3.5-flash
round4_add10,TPJ,s02e24b,252,468,0,0,0,2.2452380952380953,2.0627500192033343,0.7420634920634921,0.007936507936507936,0.008547008547008548,aihubmix,gemini-3.5-flash
round4_add10,TPJ,s02e01b,266,477,0,0,0,1.97468671679198,1.9328607597004943,0.7132832080200501,0.0,0.0,aihubmix,gemini-3.5-flash
round4_add10,TPJ,s02e02b,245,450,0,0,0,2.089251700680272,1.9220684324694963,0.7284353741496599,0.0,0.0,aihubmix,gemini-3.5-flash
round4_add10,pSTS,s02e20b,249,449,0,0,0,1.8848728246318607,1.9164960856232633,0.58714859437751,0.004016064257028112,0.011135857461024499,aihubmix,gemini-3.5-flash
round4_add10,pSTS,s02e21a,254,470,0,0,0,1.689501312335958,1.8550972590539447,0.5391076115485565,0.011811023622047244,0.010638297872340425,aihubmix,gemini-3.5-flash
round4_add10,pSTS,s02e21b,278,470,0,0,0,1.8544364508393285,1.8587174174166516,0.5976019184652278,0.0,0.0,aihubmix,gemini-3.5-flash
round4_add10,pSTS,s02e22a,235,453,0,0,0,2.3843971631205676,2.080244246705035,0.6493617021276595,0.01276595744680851,0.013245033112582781,aihubmix,gemini-3.5-flash
round4_add10,pSTS,s02e22b,245,453,0,0,0,2.0375510204081633,2.0363244171179256,0.6008163265306122,0.02857142857142857,0.019867549668874173,aihubmix,gemini-3.5-flash
round4_add10,pSTS,s02e23a,249,456,0,0,0,1.848995983935743,1.839681141609903,0.6005354752342704,0.01606425702811245,0.015350877192982455,aihubmix,gemini-3.5-flash
round4_add10,pSTS,s02e23b,254,456,0,0,0,1.9595800524934384,2.0005101270740875,0.5700787401574803,0.003937007874015748,0.008771929824561403,aihubmix,gemini-3.5-flash
round4_add10,pSTS,s02e24b,252,468,0,0,0,2.1214285714285714,2.1968751427985405,0.5708994708994709,0.015873015873015872,0.017094017094017096,aihubmix,gemini-3.5-flash
round4_add10,pSTS,s02e01b,266,477,0,0,0,1.988471177944862,1.9930625087930023,0.5904761904761905,0.015037593984962405,0.016771488469601678,aihubmix,gemini-3.5-flash
round4_add10,pSTS,s02e02b,245,450,0,0,0,1.7945578231292516,1.9441096212522588,0.5624489795918367,0.024489795918367346,0.02666666666666667,aihubmix,gemini-3.5-flash
round4_add10,FFA,s02e20b,249,449,0,0,0,2.488888888888889,2.0659338569216272,0.7236947791164658,0.01606425702811245,0.011135857461024499,aihubmix,gemini-3.5-flash
round4_add10,FFA,s02e21a,254,470,0,0,0,2.561679790026247,2.003802503964249,0.7354330708661417,0.0,0.0,aihubmix,gemini-3.5-flash
round4_add10,FFA,s02e21b,278,470,0,0,0,2.6127098321342928,2.0084668729136608,0.7503597122302158,0.0,0.0,aihubmix,gemini-3.5-flash
round4_add10,FFA,s02e22a,235,453,0,0,0,2.59177304964539,2.0037950814979513,0.7429787234042553,0.00425531914893617,0.004415011037527594,aihubmix,gemini-3.5-flash
round4_add10,FFA,s02e22b,245,453,0,0,0,2.5661224489795917,2.010681154756935,0.7202721088435374,0.00816326530612245,0.008830022075055188,aihubmix,gemini-3.5-flash
round4_add10,FFA,s02e23a,249,456,0,0,0,2.552074966532798,2.0417084361932916,0.7405622489959839,0.008032128514056224,0.006578947368421052,aihubmix,gemini-3.5-flash
round4_add10,FFA,s02e23b,254,456,0,0,0,2.5661417322834645,2.003398181559326,0.7511811023622047,0.003937007874015748,0.008771929824561403,aihubmix,gemini-3.5-flash
round4_add10,FFA,s02e24b,252,468,0,0,0,2.7436507936507937,2.224003112926979,0.7248677248677249,0.0,0.0,aihubmix,gemini-3.5-flash
round4_add10,FFA,s02e01b,266,477,0,0,0,2.4894736842105263,2.024849256107503,0.7075187969924812,0.011278195488721804,0.012578616352201259,aihubmix,gemini-3.5-flash
round4_add10,FFA,s02e02b,245,450,0,0,0,2.595918367346939,2.1316493422948763,0.7047619047619048,0.00816326530612245,0.008888888888888889,aihubmix,gemini-3.5-flash
round4_add10,Insula,s02e20b,249,449,0,0,0,0.2215528781793842,0.7696188999887947,0.09772423025435073,0.357429718875502,0.2739420935412027,aihubmix,gemini-3.5-flash
round4_add10,Insula,s02e21a,254,470,0,0,0,0.6929133858267716,1.4891963219842341,0.21751968503937008,0.1732283464566929,0.12340425531914893,aihubmix,gemini-3.5-flash
round4_add10,Insula,s02e21b,278,470,0,0,0,0.5089928057553957,1.050255509597474,0.23890887290167867,0.1474820143884892,0.14468085106382977,aihubmix,gemini-3.5-flash
round4_add10,Insula,s02e22a,235,453,0,0,0,0.551595744680851,1.2021320921904093,0.250354609929078,0.06382978723404255,0.037527593818984545,aihubmix,gemini-3.5-flash
round4_add10,Insula,s02e22b,245,453,0,0,0,0.5831632653061225,1.3394735210075988,0.2030612244897959,0.061224489795918366,0.04194260485651214,aihubmix,gemini-3.5-flash
round4_add10,Insula,s02e23a,249,456,0,0,0,0.30672690763052207,0.8477931800603471,0.15528781793842034,0.3253012048192771,0.21271929824561403,aihubmix,gemini-3.5-flash
round4_add10,Insula,s02e23b,254,456,0,0,0,0.4135498687664042,1.0109262648024517,0.18635170603674542,0.421259842519685,0.36403508771929827,aihubmix,gemini-3.5-flash
round4_add10,Insula,s02e24b,252,468,0,0,0,0.8730820105820106,1.735930677194682,0.265542328042328,0.007936507936507936,0.008547008547008548,aihubmix,gemini-3.5-flash
round4_add10,Insula,s02e01b,266,477,0,0,0,0.6842105263157895,1.3665792743460417,0.2581453634085213,0.06015037593984962,0.039832285115303984,aihubmix,gemini-3.5-flash
round4_add10,Insula,s02e02b,245,450,0,0,0,0.5052721088435375,1.2147293702564288,0.18401360544217688,0.13877551020408163,0.09777777777777778,aihubmix,gemini-3.5-flash
round4_add10,Temporal_Pole,s02e20b,249,449,0,0,0,2.1985274431057564,1.489502931466718,0.8744310575635876,0.0,0.0,aihubmix,gemini-3.5-flash
round4_add10,Temporal_Pole,s02e21a,254,470,0,0,0,2.341994750656168,1.7635401076410293,0.800524934383202,0.0,0.0,aihubmix,gemini-3.5-flash
round4_add10,Temporal_Pole,s02e21b,278,470,0,0,0,2.308273381294964,1.5720859814070376,0.8786570743405275,0.0,0.0,aihubmix,gemini-3.5-flash
round4_add10,Temporal_Pole,s02e22a,235,453,0,0,0,2.554609929078014,1.5952711669404753,0.9157446808510639,0.0,0.0,aihubmix,gemini-3.5-flash
round4_add10,Temporal_Pole,s02e22b,245,453,0,0,0,2.5518367346938775,1.6286027651154589,0.8468027210884354,0.0,0.0,aihubmix,gemini-3.5-flash
round4_add10,Temporal_Pole,s02e23a,249,456,0,0,0,2.0610441767068273,1.554333401606497,0.7809906291834002,0.004016064257028112,0.0043859649122807015,aihubmix,gemini-3.5-flash
round4_add10,Temporal_Pole,s02e23b,254,456,0,0,0,2.1808398950131234,1.900711381698606,0.7278215223097113,0.003937007874015748,0.008771929824561403,aihubmix,gemini-3.5-flash
round4_add10,Temporal_Pole,s02e24b,252,468,0,0,0,2.8924603174603174,2.12860556978171,0.8658730158730159,0.007936507936507936,0.008547008547008548,aihubmix,gemini-3.5-flash
round4_add10,Temporal_Pole,s02e01b,266,477,0,0,0,2.2602756892230578,1.5172321535298168,0.8927318295739348,0.0,0.0,aihubmix,gemini-3.5-flash
round4_add10,Temporal_Pole,s02e02b,245,450,0,0,0,2.4582312925170067,1.7044430537200472,0.8495238095238096,0.0,0.0,aihubmix,gemini-3.5-flash
round5_add10,DLPFC,s02e03b,255,464,0,0,0,1.9872549019607844,2.0274668619243723,0.6196078431372549,0.011764705882352941,0.015086206896551725,aihubmix,gemini-3.5-flash
round5_add10,DLPFC,s02e04b,259,454,0,0,0,2.7294079794079793,2.201806333346123,0.7921492921492922,0.003861003861003861,0.00881057268722467,aihubmix,gemini-3.5-flash
round5_add10,DLPFC,s02e05b,264,455,0,0,0,2.4109848484848486,2.1600202346070385,0.7449494949494949,0.007575757575757576,0.008791208791208791,aihubmix,gemini-3.5-flash
round5_add10,DLPFC,s03e01a,269,491,0,0,0,1.550805452292441,1.5721661141647512,0.679368029739777,0.01486988847583643,0.018329938900203666,aihubmix,gemini-3.5-flash
round5_add10,DLPFC,s03e01b,264,491,0,0,0,1.9712752525252526,1.8066573409112119,0.7515782828282829,0.011363636363636364,0.012219959266802444,aihubmix,gemini-3.5-flash
round5_add10,DLPFC,s03e02a,272,475,0,0,0,2.2708333333333335,1.7439130250356205,0.8250612745098039,0.003676470588235294,0.00631578947368421,aihubmix,gemini-3.5-flash
round5_add10,DLPFC,s03e02b,282,475,0,0,0,2.493498817966903,1.7818245236210344,0.8605200945626478,0.0070921985815602835,0.01263157894736842,aihubmix,gemini-3.5-flash
round5_add10,DLPFC,s03e03a,253,454,0,0,0,2.0922266139657446,1.7689475433422845,0.775691699604743,0.015810276679841896,0.01762114537444934,aihubmix,gemini-3.5-flash
round5_add10,DLPFC,s03e03b,284,454,0,0,0,2.352699530516432,1.8073317657796046,0.8148474178403756,0.007042253521126761,0.011013215859030838,aihubmix,gemini-3.5-flash
round5_add10,DLPFC,s03e04a,268,473,0,0,0,2.279850746268657,1.8576631598689437,0.7857587064676617,0.011194029850746268,0.012684989429175475,aihubmix,gemini-3.5-flash
round5_add10,VMPFC,s02e03b,255,464,0,0,0,1.4676470588235293,1.7465061750277657,0.5515406162464986,0.011764705882352941,0.015086206896551725,aihubmix,gemini-3.5-flash
round5_add10,VMPFC,s02e04b,259,454,0,0,0,1.62699944842802,2.1027302632161966,0.5099282956425814,0.003861003861003861,0.00881057268722467,aihubmix,gemini-3.5-flash
round5_add10,VMPFC,s02e05b,264,455,0,0,0,1.3449675324675325,1.8602170773066877,0.4843073593073593,0.007575757575757576,0.008791208791208791,aihubmix,gemini-3.5-flash
round5_add10,VMPFC,s03e01a,269,491,0,0,0,1.0862984599044079,1.4805297705983507,0.4593733404142326,0.011152416356877323,0.014256619144602852,aihubmix,gemini-3.5-flash
round5_add10,VMPFC,s03e01b,264,491,0,0,0,1.583603896103896,1.509365280086106,0.7470238095238095,0.011363636363636364,0.012219959266802444,aihubmix,gemini-3.5-flash
round5_add10,VMPFC,s03e02a,272,475,0,0,0,1.6628151260504203,1.8354766214818692,0.6194852941176471,0.0,0.0,aihubmix,gemini-3.5-flash
round5_add10,VMPFC,s03e02b,282,475,0,0,0,1.9070415400202634,2.072818505448987,0.6360182370820668,0.0070921985815602835,0.01263157894736842,aihubmix,gemini-3.5-flash
round5_add10,VMPFC,s03e03a,253,454,0,0,0,1.2220496894409938,1.4838779675190985,0.5482778091473743,0.0,0.0,aihubmix,gemini-3.5-flash
round5_add10,VMPFC,s03e03b,284,454,0,0,0,1.4288229376257546,1.63377770839232,0.5975855130784709,0.007042253521126761,0.011013215859030838,aihubmix,gemini-3.5-flash
round5_add10,VMPFC,s03e04a,268,473,0,0,0,1.5094616204690832,1.6632002599217481,0.619136460554371,0.007462686567164179,0.006342494714587738,aihubmix,gemini-3.5-flash
round5_add10,OFC,s02e03b,255,464,0,0,0,0.4681372549019608,1.1090305756661532,0.184640522875817,0.12156862745098039,0.0625,aihubmix,gemini-3.5-flash
round5_add10,OFC,s02e04b,259,454,0,0,0,0.6674710424710425,1.2655825801501377,0.2776705276705277,0.007722007722007722,0.015418502202643172,aihubmix,gemini-3.5-flash
round5_add10,OFC,s02e05b,264,455,0,0,0,1.0651830808080809,1.6580068292303103,0.4008838383838384,0.056818181818181816,0.02857142857142857,aihubmix,gemini-3.5-flash
round5_add10,OFC,s03e01a,269,491,0,0,0,0.6576827757125155,1.1451691902674348,0.31226765799256506,0.10037174721189591,0.038696537678207736,aihubmix,gemini-3.5-flash
round5_add10,OFC,s03e01b,264,491,0,0,0,0.6084280303030303,1.2394765323981802,0.2755681818181818,0.045454545454545456,0.020366598778004074,aihubmix,gemini-3.5-flash
round5_add10,OFC,s03e02a,272,475,0,0,0,0.5908394607843137,1.0832837611033859,0.3005514705882353,0.029411764705882353,0.008421052631578947,aihubmix,gemini-3.5-flash
round5_add10,OFC,s03e02b,282,475,0,0,0,0.9060283687943262,1.4942874893574054,0.35726950354609927,0.010638297872340425,0.014736842105263158,aihubmix,gemini-3.5-flash
round5_add10,OFC,s03e03a,253,454,0,0,0,0.5345849802371542,1.0275148423951155,0.2855731225296443,0.07114624505928854,0.05066079295154185,aihubmix,gemini-3.5-flash
round5_add10,OFC,s03e03b,284,454,0,0,0,0.7420774647887324,1.253198500742048,0.3477112676056338,0.03169014084507042,0.013215859030837005,aihubmix,gemini-3.5-flash
round5_add10,OFC,s03e04a,268,473,0,0,0,0.7193718905472637,1.2175493200573222,0.3240049751243781,0.10820895522388059,0.048625792811839326,aihubmix,gemini-3.5-flash
round5_add10,ACC,s02e03b,255,464,0,0,0,1.1235294117647059,1.4479313486182344,0.5493464052287582,0.00784313725490196,0.008620689655172414,aihubmix,gemini-3.5-flash
round5_add10,ACC,s02e04b,259,454,0,0,0,1.2363256113256114,1.5893253992611442,0.5212355212355212,0.04247104247104247,0.024229074889867842,aihubmix,gemini-3.5-flash
round5_add10,ACC,s02e05b,264,455,0,0,0,1.402462121212121,1.818627381879189,0.5192550505050505,0.026515151515151516,0.017582417582417582,aihubmix,gemini-3.5-flash
round5_add10,ACC,s03e01a,269,491,0,0,0,0.8271375464684015,1.1150572957935976,0.4798636926889715,0.0037174721189591076,0.0,aihubmix,gemini-3.5-flash
round5_add10,ACC,s03e01b,264,491,0,0,0,0.9671717171717171,1.3540746890192232,0.4586489898989899,0.09848484848484848,0.10386965376782077,aihubmix,gemini-3.5-flash
round5_add10,ACC,s03e02a,272,475,0,0,0,1.796875,1.669207143909036,0.758578431372549,0.003676470588235294,0.002105263157894737,aihubmix,gemini-3.5-flash
round5_add10,ACC,s03e02b,282,475,0,0,0,1.8711583924349882,1.8149322401614771,0.7239952718676123,0.0070921985815602835,0.01263157894736842,aihubmix,gemini-3.5-flash
round5_add10,ACC,s03e03a,253,454,0,0,0,0.9151844532279315,1.0737633443176364,0.5500658761528326,0.039525691699604744,0.024229074889867842,aihubmix,gemini-3.5-flash
round5_add10,ACC,s03e03b,284,454,0,0,0,0.9266431924882629,1.3858842364425157,0.4369131455399061,0.2147887323943662,0.14317180616740088,aihubmix,gemini-3.5-flash
round5_add10,ACC,s03e04a,268,473,0,0,0,1.0143034825870647,1.3463307007045162,0.4773009950248756,0.08955223880597014,0.05496828752642706,aihubmix,gemini-3.5-flash
round5_add10,PCC,s02e03b,255,464,0,0,0,2.5990196078431373,1.8377395409933817,0.8163398692810457,0.0,0.0,aihubmix,gemini-3.5-flash
round5_add10,PCC,s02e04b,259,454,0,0,0,3.2036679536679538,2.4295463946640385,0.8342985842985843,0.0,0.0,aihubmix,gemini-3.5-flash
round5_add10,PCC,s02e05b,264,455,0,0,0,3.076546717171717,2.1843456637808294,0.8529040404040404,0.0,0.0,aihubmix,gemini-3.5-flash
round5_add10,PCC,s03e01a,269,491,0,0,0,2.1906753407682777,1.7352127352586535,0.7812887236679058,0.0,0.0,aihubmix,gemini-3.5-flash
round5_add10,PCC,s03e01b,264,491,0,0,0,2.883522727272727,1.984155982812323,0.8263888888888888,0.0,0.0,aihubmix,gemini-3.5-flash
round5_add10,PCC,s03e02a,272,475,0,0,0,2.5470281862745097,1.717933734281391,0.8483455882352942,0.0,0.0,aihubmix,gemini-3.5-flash
round5_add10,PCC,s03e02b,282,475,0,0,0,2.957890070921986,2.0127584584418154,0.8232860520094563,0.0,0.0,aihubmix,gemini-3.5-flash
round5_add10,PCC,s03e03a,253,454,0,0,0,2.4884716732542818,1.7034411143217598,0.8389328063241107,0.0,0.0,aihubmix,gemini-3.5-flash
round5_add10,PCC,s03e03b,284,454,0,0,0,2.565580985915493,1.9208664425604651,0.7981220657276995,0.0,0.0,aihubmix,gemini-3.5-flash
round5_add10,PCC,s03e04a,268,473,0,0,0,2.634639303482587,1.7828910836522458,0.8439054726368159,0.0,0.0,aihubmix,gemini-3.5-flash
round5_add10,Precuneus,s02e03b,255,464,0,0,0,3.50718954248366,1.7213425591391482,0.9568627450980393,0.00784313725490196,0.008620689655172414,aihubmix,gemini-3.5-flash
round5_add10,Precuneus,s02e04b,259,454,0,0,0,3.9703989703989704,2.1563169826409356,0.9671814671814671,0.0,0.0,aihubmix,gemini-3.5-flash
round5_add10,Precuneus,s02e05b,264,455,0,0,0,3.854482323232323,2.1679713693389475,0.9308712121212122,0.007575757575757576,0.008791208791208791,aihubmix,gemini-3.5-flash
round5_add10,Precuneus,s03e01a,269,491,0,0,0,2.9092317224287485,1.8023807825590499,0.8962205700123915,0.0,0.0,aihubmix,gemini-3.5-flash
round5_add10,Precuneus,s03e01b,264,491,0,0,0,3.0972222222222223,1.7453089683668415,0.9267676767676768,0.0,0.0,aihubmix,gemini-3.5-flash
round5_add10,Precuneus,s03e02a,272,475,0,0,0,3.2043504901960786,1.8378424570034466,0.9332107843137255,0.0,0.0,aihubmix,gemini-3.5-flash
round5_add10,Precuneus,s03e02b,282,475,0,0,0,3.1403664302600474,1.8220417866635907,0.9476950354609929,0.0035460992907801418,0.00631578947368421,aihubmix,gemini-3.5-flash
round5_add10,Precuneus,s03e03a,253,454,0,0,0,3.2292490118577075,1.6626211792490282,0.958498023715415,0.0,0.0,aihubmix,gemini-3.5-flash
round5_add10,Precuneus,s03e03b,284,454,0,0,0,3.215669014084507,1.6785797773272737,0.9618544600938967,0.0,0.0,aihubmix,gemini-3.5-flash
round5_add10,Precuneus,s03e04a,268,473,0,0,0,3.1240671641791047,1.6467872764256561,0.9685945273631841,0.0,0.0,aihubmix,gemini-3.5-flash
round5_add10,IPL,s02e03b,255,464,0,0,0,1.5516339869281046,1.5117883006672697,0.6650980392156862,0.00784313725490196,0.008620689655172414,aihubmix,gemini-3.5-flash
round5_add10,IPL,s02e04b,259,454,0,0,0,2.045302445302445,1.987608120603247,0.7009009009009008,0.0,0.0,aihubmix,gemini-3.5-flash
round5_add10,IPL,s02e05b,264,455,0,0,0,1.9202020202020202,1.7869323523611942,0.7257575757575757,0.0,0.0,aihubmix,gemini-3.5-flash
round5_add10,IPL,s03e01a,269,491,0,0,0,1.414622057001239,1.4260227355442834,0.6039653035935564,0.007434944237918215,0.008146639511201629,aihubmix,gemini-3.5-flash
round5_add10,IPL,s03e01b,264,491,0,0,0,1.5363636363636364,1.4135673437956051,0.6792929292929293,0.0,0.0,aihubmix,gemini-3.5-flash
round5_add10,IPL,s03e02a,272,475,0,0,0,1.9825980392156863,1.4093320331291694,0.8267156862745098,0.0,0.0,aihubmix,gemini-3.5-flash
round5_add10,IPL,s03e02b,282,475,0,0,0,1.7456264775413712,1.5016377261113856,0.7276595744680852,0.0070921985815602835,0.01263157894736842,aihubmix,gemini-3.5-flash
round5_add10,IPL,s03e03a,253,454,0,0,0,1.5093544137022399,1.3973830159849732,0.6903820816864296,0.0,0.0,aihubmix,gemini-3.5-flash
round5_add10,IPL,s03e03b,284,454,0,0,0,1.5014084507042254,1.4563275850734807,0.6694835680751173,0.007042253521126761,0.011013215859030838,aihubmix,gemini-3.5-flash
round5_add10,IPL,s03e04a,268,473,0,0,0,1.55,1.433514104069843,0.6838308457711443,0.0,0.0,aihubmix,gemini-3.5-flash
round5_add10,SMG,s02e03b,255,464,0,0,0,0.8747712418300654,1.3596438811752922,0.4091503267973856,0.011764705882352941,0.015086206896551725,aihubmix,gemini-3.5-flash
round5_add10,SMG,s02e04b,259,454,0,0,0,0.9274131274131274,1.4719628113072114,0.4126126126126126,0.0,0.0,aihubmix,gemini-3.5-flash
round5_add10,SMG,s02e05b,264,455,0,0,0,1.1123737373737375,1.5853650192175806,0.48409090909090907,0.007575757575757576,0.008791208791208791,aihubmix,gemini-3.5-flash
round5_add10,SMG,s03e01a,269,491,0,0,0,0.7908302354399008,1.2371230885549571,0.38166047087980176,0.007434944237918215,0.008146639511201629,aihubmix,gemini-3.5-flash
round5_add10,SMG,s03e01b,264,491,0,0,0,0.9452020202020202,1.3375981827820256,0.44595959595959594,0.0,0.0,aihubmix,gemini-3.5-flash
round5_add10,SMG,s03e02a,272,475,0,0,0,0.9254901960784314,1.2794902687957805,0.4411764705882353,0.007352941176470588,0.008421052631578947,aihubmix,gemini-3.5-flash
round5_add10,SMG,s03e02b,282,475,0,0,0,1.004255319148936,1.4613963499975382,0.44680851063829785,0.031914893617021274,0.014736842105263158,aihubmix,gemini-3.5-flash
round5_add10,SMG,s03e03a,253,454,0,0,0,0.9046113306982873,1.3324241928531384,0.4337285902503294,0.003952569169960474,0.0022026431718061676,aihubmix,gemini-3.5-flash
round5_add10,SMG,s03e03b,284,454,0,0,0,0.7678403755868545,1.278698183678456,0.35938967136150235,0.01056338028169014,0.011013215859030838,aihubmix,gemini-3.5-flash
round5_add10,SMG,s03e04a,268,473,0,0,0,0.93681592039801,1.3470024989894616,0.44104477611940296,0.007462686567164179,0.0021141649048625794,aihubmix,gemini-3.5-flash
round5_add10,AG,s02e03b,255,464,0,0,0,2.3016339869281044,1.9118303714771363,0.8062091503267974,0.0,0.0,aihubmix,gemini-3.5-flash
round5_add10,AG,s02e04b,259,454,0,0,0,2.173101673101673,2.162693463710613,0.7335907335907336,0.0,0.0,aihubmix,gemini-3.5-flash
round5_add10,AG,s02e05b,264,455,0,0,0,2.4857954545454546,2.2996322166595533,0.73989898989899,0.0,0.0,aihubmix,gemini-3.5-flash
round5_add10,AG,s03e01a,269,491,0,0,0,1.7109665427509293,1.6100031733544713,0.7221189591078067,0.0,0.0,aihubmix,gemini-3.5-flash
round5_add10,AG,s03e01b,264,491,0,0,0,2.140151515151515,1.8066037608618915,0.803030303030303,0.0,0.0,aihubmix,gemini-3.5-flash
round5_add10,AG,s03e02a,272,475,0,0,0,1.9375,1.7722024695664023,0.7178308823529411,0.0,0.0,aihubmix,gemini-3.5-flash
round5_add10,AG,s03e02b,282,475,0,0,0,2.347517730496454,1.882113703888923,0.8690898345153665,0.0035460992907801418,0.00631578947368421,aihubmix,gemini-3.5-flash
round5_add10,AG,s03e03a,253,454,0,0,0,1.9377470355731226,1.6915696367212454,0.7819499341238472,0.0,0.0,aihubmix,gemini-3.5-flash
round5_add10,AG,s03e03b,284,454,0,0,0,2.191901408450704,1.7951499995254263,0.8186619718309859,0.0,0.0,aihubmix,gemini-3.5-flash
round5_add10,AG,s03e04a,268,473,0,0,0,2.3271144278606966,1.9169539819713506,0.8205845771144279,0.0,0.0,aihubmix,gemini-3.5-flash
round5_add10,TPJ,s02e03b,255,464,0,0,0,1.9202614379084968,1.912783260312382,0.6901960784313725,0.00784313725490196,0.008620689655172414,aihubmix,gemini-3.5-flash
round5_add10,TPJ,s02e04b,259,454,0,0,0,2.0705276705276705,2.1652856950357,0.6810810810810811,0.003861003861003861,0.00881057268722467,aihubmix,gemini-3.5-flash
round5_add10,TPJ,s02e05b,264,455,0,0,0,2.241919191919192,2.064260660449192,0.7618686868686869,0.007575757575757576,0.008791208791208791,aihubmix,gemini-3.5-flash
round5_add10,TPJ,s03e01a,269,491,0,0,0,1.5387856257744734,1.6792840902166006,0.6047087980173482,0.0,0.0,aihubmix,gemini-3.5-flash
round5_add10,TPJ,s03e01b,264,491,0,0,0,1.7356060606060606,1.7477387660364758,0.7068181818181818,0.0,0.0,aihubmix,gemini-3.5-flash
round5_add10,TPJ,s03e02a,272,475,0,0,0,1.906985294117647,1.6227133926500077,0.7683823529411765,0.0,0.0,aihubmix,gemini-3.5-flash
round5_add10,TPJ,s03e02b,282,475,0,0,0,2.0659574468085107,1.9514556531056313,0.7153664302600473,0.0070921985815602835,0.00631578947368421,aihubmix,gemini-3.5-flash
round5_add10,TPJ,s03e03a,253,454,0,0,0,1.702239789196311,1.760459498182486,0.6434782608695652,0.003952569169960474,0.006607929515418502,aihubmix,gemini-3.5-flash
round5_add10,TPJ,s03e03b,284,454,0,0,0,1.8204225352112675,1.8358469690484729,0.6666666666666666,0.007042253521126761,0.011013215859030838,aihubmix,gemini-3.5-flash
round5_add10,TPJ,s03e04a,268,473,0,0,0,2.0007462686567163,1.9472520350122147,0.6878109452736318,0.0,0.0,aihubmix,gemini-3.5-flash
round5_add10,pSTS,s02e03b,255,464,0,0,0,1.8862745098039215,1.9040740230959199,0.6010457516339869,0.01568627450980392,0.021551724137931036,aihubmix,gemini-3.5-flash
round5_add10,pSTS,s02e04b,259,454,0,0,0,2.2453024453024453,2.267402415014953,0.5902187902187902,0.007722007722007722,0.015418502202643172,aihubmix,gemini-3.5-flash
round5_add10,pSTS,s02e05b,264,455,0,0,0,2.1845959595959594,2.0325669416048484,0.6308080808080808,0.011363636363636364,0.01098901098901099,aihubmix,gemini-3.5-flash
round5_add10,pSTS,s03e01a,269,491,0,0,0,1.8790582403965304,1.8614314368597469,0.581908302354399,0.01858736059479554,0.020366598778004074,aihubmix,gemini-3.5-flash
round5_add10,pSTS,s03e01b,264,491,0,0,0,1.8707070707070708,1.9265425421510114,0.5669191919191919,0.01893939393939394,0.020366598778004074,aihubmix,gemini-3.5-flash
round5_add10,pSTS,s03e02a,272,475,0,0,0,1.981372549019608,1.894172197079141,0.620343137254902,0.011029411764705883,0.010526315789473684,aihubmix,gemini-3.5-flash
round5_add10,pSTS,s03e02b,282,475,0,0,0,2.057919621749409,1.8856688395003882,0.6671394799054373,0.010638297872340425,0.014736842105263158,aihubmix,gemini-3.5-flash
round5_add10,pSTS,s03e03a,253,454,0,0,0,1.9915678524374176,1.9298453501344537,0.6108036890645586,0.011857707509881422,0.011013215859030838,aihubmix,gemini-3.5-flash
round5_add10,pSTS,s03e03b,284,454,0,0,0,1.8748826291079812,1.8610356323084538,0.5915492957746479,0.01056338028169014,0.01762114537444934,aihubmix,gemini-3.5-flash
round5_add10,pSTS,s03e04a,268,473,0,0,0,2.024378109452736,1.969393354663169,0.6032338308457711,0.014925373134328358,0.016913319238900635,aihubmix,gemini-3.5-flash
round5_add10,FFA,s02e03b,255,464,0,0,0,2.6169934640522876,1.9917408173799653,0.7830065359477124,0.00784313725490196,0.008620689655172414,aihubmix,gemini-3.5-flash
round5_add10,FFA,s02e04b,259,454,0,0,0,2.523294723294723,2.115162022238402,0.7045045045045045,0.003861003861003861,0.00881057268722467,aihubmix,gemini-3.5-flash
round5_add10,FFA,s02e05b,264,455,0,0,0,2.5042929292929292,2.075100522099759,0.7242424242424242,0.007575757575757576,0.008791208791208791,aihubmix,gemini-3.5-flash
round5_add10,FFA,s03e01a,269,491,0,0,0,2.4944237918215615,2.0022678923145625,0.7442379182156134,0.011152416356877323,0.014256619144602852,aihubmix,gemini-3.5-flash
round5_add10,FFA,s03e01b,264,491,0,0,0,2.441666666666667,1.9877481421869514,0.7212121212121212,0.011363636363636364,0.012219959266802444,aihubmix,gemini-3.5-flash
round5_add10,FFA,s03e02a,272,475,0,0,0,2.551470588235294,1.9583400819535735,0.7401960784313726,0.007352941176470588,0.008421052631578947,aihubmix,gemini-3.5-flash
round5_add10,FFA,s03e02b,282,475,0,0,0,2.675886524822695,2.0092363806827414,0.7709219858156028,0.0070921985815602835,0.01263157894736842,aihubmix,gemini-3.5-flash
round5_add10,FFA,s03e03a,253,454,0,0,0,2.5562582345191043,2.040094734614133,0.7354413702239789,0.007905138339920948,0.00881057268722467,aihubmix,gemini-3.5-flash
round5_add10,FFA,s03e03b,284,454,0,0,0,2.553051643192488,2.033233873229657,0.7375586854460094,0.007042253521126761,0.011013215859030838,aihubmix,gemini-3.5-flash
round5_add10,FFA,s03e04a,268,473,0,0,0,2.650995024875622,2.0573461398799013,0.7407960199004975,0.0037313432835820895,0.0021141649048625794,aihubmix,gemini-3.5-flash
round5_add10,Insula,s02e03b,255,464,0,0,0,0.6256535947712418,1.2188519446634827,0.272875816993464,0.0196078431372549,0.015086206896551725,aihubmix,gemini-3.5-flash
round5_add10,Insula,s02e04b,259,454,0,0,0,0.5579150579150579,1.2886964383280337,0.21042471042471042,0.13127413127413126,0.1145374449339207,aihubmix,gemini-3.5-flash
round5_add10,Insula,s02e05b,264,455,0,0,0,0.6218434343434344,1.409850853825556,0.21054292929292928,0.08712121212121213,0.054945054945054944,aihubmix,gemini-3.5-flash
round5_add10,Insula,s03e01a,269,491,0,0,0,0.3268277571251549,0.9723877910490315,0.12143742255266418,0.17100371747211895,0.13441955193482688,aihubmix,gemini-3.5-flash
round5_add10,Insula,s03e01b,264,491,0,0,0,0.43813131313131315,1.1445238712441828,0.16319444444444445,0.14772727272727273,0.11608961303462322,aihubmix,gemini-3.5-flash
round5_add10,Insula,s03e02a,272,475,0,0,0,0.5840992647058824,1.100031298551808,0.2919730392156863,0.10661764705882353,0.08421052631578947,aihubmix,gemini-3.5-flash
round5_add10,Insula,s03e02b,282,475,0,0,0,0.6929078014184397,1.4242713896934887,0.2585697399527187,0.10283687943262411,0.08421052631578947,aihubmix,gemini-3.5-flash
round5_add10,Insula,s03e03a,253,454,0,0,0,0.25181159420289856,0.7508756496139007,0.1297760210803689,0.21739130434782608,0.16740088105726872,aihubmix,gemini-3.5-flash
round5_add10,Insula,s03e03b,284,454,0,0,0,0.39686032863849763,1.0878377471203993,0.15580985915492956,0.17253521126760563,0.1211453744493392,aihubmix,gemini-3.5-flash
round5_add10,Insula,s03e04a,268,473,0,0,0,0.4351679104477612,1.0293776360389932,0.19247512437810946,0.2126865671641791,0.18604651162790697,aihubmix,gemini-3.5-flash
round5_add10,Temporal_Pole,s02e03b,255,464,0,0,0,2.3066666666666666,1.669627174539509,0.8392156862745098,0.011764705882352941,0.015086206896551725,aihubmix,gemini-3.5-flash
round5_add10,Temporal_Pole,s02e04b,259,454,0,0,0,2.9077220077220076,2.0650719346256357,0.8918918918918919,0.003861003861003861,0.00881057268722467,aihubmix,gemini-3.5-flash
round5_add10,Temporal_Pole,s02e05b,264,455,0,0,0,2.7883838383838384,1.8575987579661513,0.8593434343434343,0.003787878787878788,0.004395604395604396,aihubmix,gemini-3.5-flash
round5_add10,Temporal_Pole,s03e01a,269,491,0,0,0,1.6636926889714994,1.4468382808345612,0.7045848822800496,0.0,0.0,aihubmix,gemini-3.5-flash
round5_add10,Temporal_Pole,s03e01b,264,491,0,0,0,2.117550505050505,1.5767030426884376,0.7982323232323232,0.0,0.0,aihubmix,gemini-3.5-flash
round5_add10,Temporal_Pole,s03e02a,272,475,0,0,0,2.443872549019608,1.5168293502810046,0.8946078431372549,0.0,0.0,aihubmix,gemini-3.5-flash
round5_add10,Temporal_Pole,s03e02b,282,475,0,0,0,2.4784869976359336,1.6354193017034286,0.8470449172576832,0.0070921985815602835,0.01263157894736842,aihubmix,gemini-3.5-flash
round5_add10,Temporal_Pole,s03e03a,253,454,0,0,0,2.167061923583663,1.3854678429065224,0.9175230566534914,0.0,0.0,aihubmix,gemini-3.5-flash
round5_add10,Temporal_Pole,s03e03b,284,454,0,0,0,2.145305164319249,1.5555108835211255,0.8359154929577465,0.007042253521126761,0.011013215859030838,aihubmix,gemini-3.5-flash
round5_add10,Temporal_Pole,s03e04a,268,473,0,0,0,2.6417910447761193,1.5032451715837816,0.9420398009950248,0.0,0.0,aihubmix,gemini-3.5-flash
